--
-- Aufgabe 2: Test Data Insertion
-- Official course sample data with philosophers
--

SET search_path = universitaet;

-- Start Transaction
BEGIN;

-- ============================================================
-- Insert Students
-- ============================================================

INSERT INTO Studenten(MatrNr, Name, Semester) 
VALUES (24002, 'Xenokrates', 18); 
 
INSERT INTO Studenten(MatrNr, Name, Semester) 
VALUES (25403, 'Jonas', 12); 
 
INSERT INTO Studenten(MatrNr, Name, Semester) 
VALUES (26120, 'Fichte', 10); 

INSERT INTO Studenten(MatrNr, Name, Semester) 
VALUES (26830, 'Aristoxenos', 8); 
 
INSERT INTO Studenten(MatrNr, Name, Semester) 
VALUES (27550, 'Schopenhauer', 6); 

INSERT INTO Studenten(MatrNr, Name, Semester) 
VALUES (28106, 'Carnap', 3); 
 
INSERT INTO Studenten(MatrNr, Name, Semester) 
VALUES (29120, 'Theophrastos', 2); 
 
INSERT INTO Studenten(MatrNr, Name, Semester) 
VALUES (29555, 'Feuerbach', 2); 

-- ============================================================
-- Insert Professors
-- ============================================================

INSERT INTO Professoren(PersNr, Name, Raum, VVorl) 
VALUES (2125, 'Sokrates', '226', 5001); 

INSERT INTO Professoren(PersNr, Name, Raum, VVorl) 
VALUES (2126, 'Russel', '232', 5041);  
 
INSERT INTO Professoren(PersNr, Name, Raum, VVorl) 
VALUES (2127, 'Kopernikus', '310', 5043); 
 
INSERT INTO Professoren(PersNr, Name, Raum, VVorl) 
VALUES (2133, 'Popper', '052', 5049); 
 
INSERT INTO Professoren(PersNr, Name, Raum, VVorl) 
VALUES (2134, 'Augustinus', '309', 5052); 
 
INSERT INTO Professoren(PersNr, Name, Raum, VVorl) 
VALUES (2136, 'Curie', '036', 5022); 
 
INSERT INTO Professoren(PersNr, Name, Raum, VVorl) 
VALUES (2137, 'Kant', '007', 4630); 

-- ============================================================
-- Insert Assistants
-- ============================================================

INSERT INTO Assistenten(PersNr, Name, Fachgebiet, Boss) 
VALUES (3002, 'Platon', 'Ideenlehre', 2125); 
 
INSERT INTO Assistenten(PersNr, Name, Fachgebiet, Boss) 
VALUES (3003, 'Aristoteles', 'Syllogistik', 2125); 
 
INSERT INTO Assistenten(PersNr, Name, Fachgebiet, Boss) 
VALUES (3004, 'Wittgenstein', 'Sprachtheorie', 2126); 
 
INSERT INTO Assistenten(PersNr, Name, Fachgebiet, Boss) 
VALUES (3005, 'Rhetikus', 'Planetenbewegung', 2127); 
 
INSERT INTO Assistenten(PersNr, Name, Fachgebiet, Boss) 
VALUES (3006, 'Newton', 'Keplersche Gesetze', 2127); 
 
INSERT INTO Assistenten(PersNr, Name, Fachgebiet, Boss) 
VALUES (3007, 'Spinoza', 'Gott und Natur', 2134); 

-- ============================================================
-- Insert Lectures
-- ============================================================

INSERT INTO Vorlesungen(VorlNr, Titel, SWS, gelesenVon) 
VALUES (5001, 'Grundzuege', 4, 2137);

INSERT INTO Vorlesungen(VorlNr, Titel, SWS, gelesenVon) 
VALUES (5041, 'Ethik', 4, 2125);
 
INSERT INTO Vorlesungen(VorlNr, Titel, SWS, gelesenVon) 
VALUES (5043, 'Erkenntnistheorie', 3, 2126);
 
INSERT INTO Vorlesungen(VorlNr, Titel, SWS, gelesenVon) 
VALUES (5049, 'Maeeutik', 2, 2125);
 
INSERT INTO Vorlesungen(VorlNr, Titel, SWS, gelesenVon) 
VALUES (4052, 'Logik', 4, 2125);
 
INSERT INTO Vorlesungen(VorlNr, Titel, SWS, gelesenVon) 
VALUES (5052, 'Wissenschaftstheorie', 3, 2126); 
 
INSERT INTO Vorlesungen(VorlNr, Titel, SWS, gelesenVon) 
VALUES (5216, 'Bioethik', 2, 2126); 
 
INSERT INTO Vorlesungen(VorlNr, Titel, SWS, gelesenVon) 
VALUES (5259, 'Der Wiener Kreis', 2, 2133); 
 
INSERT INTO Vorlesungen(VorlNr, Titel, SWS, gelesenVon) 
VALUES (5022, 'Glaube und Wissen', 2, 2134); 
 
INSERT INTO Vorlesungen(VorlNr, Titel, SWS, gelesenVon) 
VALUES (4630, 'Die 3 Kritiken', 4, 2137); 

-- ============================================================
-- Insert hoeren (Students attending lectures)
-- ============================================================

INSERT INTO hoeren(MatrNr, VorlNr) 
VALUES (26120, 5001); 
 
INSERT INTO hoeren(MatrNr, VorlNr) 
VALUES (27550, 5001);  -- Schopenhauer attends Grundzuege
 
INSERT INTO hoeren(MatrNr, VorlNr) 
VALUES (27550, 4052);  -- Schopenhauer attends Logik
 
INSERT INTO hoeren(MatrNr, VorlNr) 
VALUES (28106, 5041); 
 
INSERT INTO hoeren(MatrNr, VorlNr) 
VALUES (28106, 5052); 
 
INSERT INTO hoeren(MatrNr, VorlNr) 
VALUES (28106, 5216); 
 
INSERT INTO hoeren(MatrNr, VorlNr) 
VALUES (28106, 5259); 
 
INSERT INTO hoeren(MatrNr, VorlNr) 
VALUES (29120, 5001);  -- Theophrastos attends Grundzuege (same as Schopenhauer)

INSERT INTO hoeren(MatrNr, VorlNr) 
VALUES (29120, 5041); 

INSERT INTO hoeren(MatrNr, VorlNr) 
VALUES (29120, 5049); 

INSERT INTO hoeren(MatrNr, VorlNr) 
VALUES (29555, 5022); 

INSERT INTO hoeren(MatrNr, VorlNr) 
VALUES (25403, 5022);  
 
INSERT INTO hoeren(MatrNr, VorlNr) 
VALUES (29555, 5001);  -- Feuerbach attends Grundzuege (same as Schopenhauer)

-- ============================================================
-- Insert voraussetzen (Prerequisites)
-- ============================================================

INSERT INTO voraussetzen(Vorgaenger, Nachfolger) 
VALUES (5001, 5041); 
 
INSERT INTO voraussetzen(Vorgaenger, Nachfolger) 
VALUES (5001, 5043); 
 
INSERT INTO voraussetzen(Vorgaenger, Nachfolger) 
VALUES (5001, 5049); 
 
INSERT INTO voraussetzen(Vorgaenger, Nachfolger) 
VALUES (5041, 5216);  

INSERT INTO voraussetzen(Vorgaenger, Nachfolger) 
VALUES (5043, 5052);  

INSERT INTO voraussetzen(Vorgaenger, Nachfolger) 
VALUES (5041, 5052); 
 
INSERT INTO voraussetzen(Vorgaenger, Nachfolger) 
VALUES (5052, 5259); 

-- ============================================================
-- Insert pruefen (Exam records)
-- ============================================================

INSERT INTO pruefen(MatrNr, VorlNr, PersNr, Note) 
VALUES (28106, 5001, 2126, 1.0);

INSERT INTO pruefen(MatrNr, VorlNr, PersNr, Note) 
VALUES (25403, 5041, 2125, 2.0);

INSERT INTO pruefen(MatrNr, VorlNr, PersNr, Note) 
VALUES (27550, 4630, 2137, 2.0);

-- Commit Transaction
COMMIT;

-- Verify the data
SELECT 'Data insertion completed successfully!' AS status;